{
	"User-Templates": [
		{
			"key": "setup",
			"code": [
				"void setup() {",
				"    size($, $);$",
				"}"
			]
		}, 
		{
			"key": "draw",
			"code": [
				"void draw() {",
				"    background($);$",
				"}"
			]
		},
		{
			"key": "mpres",
			"code": [
				"void mousePressed() {",
				"    $",
				"}"
			]
		},
		{
			"key": "mclick",
			"code": [
				"void mouseClicked() {",
				"    $",
				"}"
			]
		},
		{
			"key": "mrele",
			"code": [
				"void mouseReleased() {",
				"    $",
				"}"
			]
		},
		{
			"key": "kpres",
			"code": [
				"void keyPressed() {",
				"    $",
				"}"
			]
		},
		{
			"key": "ktype",
			"code": [
				"void keyTyped() {",
				"    $",
				"}"
			]
		},
		{
			"key": "krele",
			"code": [
				"void keyReleased() {",
				"    $",
				"}"
			]
		},
		{
			"key": "pln",
			"code": [
				"println($);$"
			]
		},
		{
			"key": "kpres2",
			"code": [
				"void keyPressed(KeyEvent e) {",
				"    int $ = e.getKey();",
				"    ",
				"    if ($ == '$') {",
				"        background($);$",
				"    }",
				"}"
			]
		},
		{
			"key": "class:#",
			"code": [
				"class # {",
				"    ",
				"    #() {",
				"        $",
				"    }",
				"}"
			]
		}
	]
}
